line,ref_kind,direct_method,path_expression,tail
1361,db.ref,push,path,".push().key||('K'+Date.now()+Math.random().toString(36).slice(2,7))} function sjServerInc(n){return firebase.database.ServerValue.increment("
1369,db.ref,set,DB_PATH+'/global/auditLogs/'+id,".set(row).catch(e=>sjSaveError('AUDIT',e))} function sjHasWebCrypto(){return !!(window.crypto&&crypto.subtle&&typeof crypto.subtle.importKey"
1387,db.ref,update,DB_PATH+'/global/users/'+username,".update({pinHash:h,pinAlgo:'PBKDF2-SHA256',pinVersion:2,pass:null,updatedAt:sjNowIso()});if(cloudData.global.users&&cloudData.global.users[u"
1483,db.ref,update,DB_PATH+'/global/settings',".update({nama:nNama,logo:nLogo,qris:nQris}).then(function(){alert(""Pengaturan Toko disimpan!"");applyStoreSettings()}).catch(function(err){al"
1488,db.ref,once,DB_PATH+'/global/users',".once('value'),10000,'LOGIN_TIMEOUT');var users=snap.val()||{};         if(!Object.keys(users).length)throw Object.assign(new Error('Belum a"
1512,db.ref,on,DB_PATH+'/global',".on('value',function(snap){         var val=snap.val()||{settings:{},lockedMonths:[],users:{}};cloudData.global=val;         if(!cloudData.g"
1523,db.ref,,DB_PATH,.orderByKey().startAt(activeDateOnly).endAt(activeDateOnly+'\uf8ff');var cb=function(snap){var data=snap.val()||{};var agg=emptyDay();agg.is
1524,db.ref,,DB_PATH+'/'+activeDate,";var cb2=function(snap){var v=snap.val();if(!v){v=emptyDay();db.ref(DB_PATH+'/'+activeDate).set(v).catch(e=>sjSaveError('CREATE_SHIFT',e))}c"
1524,db.ref,set,DB_PATH+'/'+activeDate,".set(v).catch(e=>sjSaveError('CREATE_SHIFT',e))}cloudData[activeDate]=v;renderApp()};ref2.on('value',cb2);dailyListener={ref:ref2,cb:cb2}} }"
1571,db.ref,update,DB_PATH+'/'+activeDate,".update({kasAwal:getNum(document.getElementById('m-pagi').value),setoran:getNum(document.getElementById('m-setor').value),uangLaci:getNum(do"
1572,db.ref,set,DB_PATH+'/'+activeDate+'/absen',".set(v).then(()=>sjAudit('ABSEN','Ubah absen '+v)).catch(e=>{sjSaveError('ABSEN',e);showToast(sjFriendlyError(e),'error')})} function addOpe"
1575,db.ref,set,DB_PATH+'/'+activeDate+'/cpPlus/'+k,".set(getNum(v))} function upCupRusak(k,v){if(isDayLocked())return;db.ref(DB_PATH+'/'+activeDate+'/cpRusak/'+k).set(getNum(v))} function upBa"
1576,db.ref,set,DB_PATH+'/'+activeDate+'/cpRusak/'+k,".set(getNum(v))} function upBak(id,v){if(isDayLocked())return;db.ref(DB_PATH+'/'+activeDate+'/bk/'+id).set(getNum(v))} function renderHutang"
1577,db.ref,set,DB_PATH+'/'+activeDate+'/bk/'+id,.set(getNum(v))} function renderHutang(){     var hroot=document.getElementById('hut-list');var rows=sjArr(cloudData.global.hutang);if(hroot
1594,db.ref,,DB_PATH+'/global/inventory/'+p.id,";var tr=await sjTimeout(ref.transaction(cur=>{var n=cur==null?fallback:sjNum(cur);if(n<q)return;return n-q}),8000,'STOCK_TIMEOUT');if(!tr.co"
1602,db.ref,once,DB_PATH+'/'+base+'/tx/'+txId,".once('value'),4000,'TX_VERIFY_TIMEOUT').catch(()=>null);if(!(verify&&verify.exists()))throw e}         playCash();clsModal('modal-bayar');b"
1602,db.ref,update,DB_PATH,".update(upd),10000,'TX_WRITE_TIMEOUT')}catch(e){var verify=await sjTimeout(db.ref(DB_PATH+'/'+base+'/tx/'+txId).once('value'),4000,'TX_VERIF"
1604,db.ref,once,DB_PATH+'/'+activeDate+'/tx/'+txId,.once('value')}catch(_){}if(!(check&&check.exists())){for(const r of reserved){try{await db.ref(DB_PATH+'/global/inventory/'+r.id).transacti
1604,db.ref,transaction,DB_PATH+'/global/inventory/'+r.id,".transaction(cur=>sjNum(cur)+r.q)}catch(_){}}}alert('❌ '+sjFriendlyError(e))}finally{SJ_TX_BUSY=false;sjSetBusy(btn,false)} } function build"
1620,db.ref,set,DB_PATH+'/global/kategori',".set(cloudData.global.kategori);document.getElementById('new-kat-name').value="""";populateKatSelects();renderMasterData()}} function delKateg"
1621,db.ref,set,DB_PATH+'/global/kategori',".set(cloudData.global.kategori);populateKatSelects();renderMasterData()}} function openAddMenu(){['new-n','new-p','new-i'].forEach(id=>{var "
1624,db.ref,set,DB_PATH+'/global/inventory/'+obj.id,".set(0);clsModal('modal-add-menu');showToast('Produk disimpan. Tambahkan stok melalui Operasional → Stok.','success');sjAudit('PRODUCT_CREAT"
1624,db.ref,set,DB_PATH+'/global/menu',".set(menu),10000,'PRODUCT_SAVE_TIMEOUT');if(track)await db.ref(DB_PATH+'/global/inventory/'+obj.id).set(0);clsModal('modal-add-menu');showTo"
1628,db.ref,set,DB_PATH+'/global/inventory/'+m.id,".set(Math.max(0,sjNum(menu[idx].stok||0)));clsModal('modal-edit-master');showToast('Produk diperbarui.','success');sjAudit('PRODUCT_EDIT',m."
1628,db.ref,set,DB_PATH+'/global/menu',".set(menu),10000,'PRODUCT_EDIT_TIMEOUT');if(m.trackStock&&sjObj(cloudData.global.inventory)[String(m.id)]==null)await db.ref(DB_PATH+'/globa"
1630,db.ref,update,DB_PATH,".update(u);clsModal('modal-edit-master');showToast('Produk dihapus.','success');sjAudit('PRODUCT_DELETE',id)}catch(e){sjSaveError('PRODUCT_D"
1632,db.ref,set,DB_PATH+'/global/users/'+id,".set({nama:nama,role:role,pinHash:h,pinAlgo:'PBKDF2-SHA256',pinVersion:2,updatedAt:sjNowIso()});['usr-id','usr-nama','usr-pass'].forEach(x=>"
1633,db.ref,remove,DB_PATH+'/global/users/'+id,".remove();sjAudit('USER_DELETE',id)}catch(e){sjSaveError('USER_DELETE',e);alert(sjFriendlyError(e))}} async function exportCSV(){var bln=act"
1634,db.ref,,DB_PATH,".orderByKey().startAt(bln).endAt(bln+'\uf8ff').once('value'),12000,'CSV_TIMEOUT'),data=snap.val()||{};currentCSV='Shift,Kasir,Penjualan,Tuna"
1716,db.ref,once,DB_PATH,".once('value'),12000,'READ_TIMEOUT'),data=snap.val()||{},u={};Object.keys(data).filter(k=>k!=='global').forEach(k=>u[k]=null);await sjTimeou"
1716,db.ref,update,DB_PATH,".update(u),15000,'DELETE_TX_TIMEOUT');sjAudit('DELETE_ALL_TX','Semua shift dihapus');showToast('Semua transaksi berhasil dihapus.','warning'"
1722,db.ref,update,DB_PATH,".update(u),10000,'KASBON_TIMEOUT');clsModal('modal-tambah-kasbon');showToast('Kasbon karyawan tersimpan • '+sjFundLabel(source)+'.','success"
1727,db.ref,remove,DB_PATH+'/'+activeDate,".remove(),12000,'RESET_SHIFT_TIMEOUT');sjAudit('RESET_SHIFT',activeDate);showToast('Shift dihapus.','warning')}catch(e){sjSaveError('RESET_S"
1730,db.ref,update,DB_PATH+'/global',".update({menu:null,kategori:null,inventory:null}),12000,'CLEAR_MASTER_TIMEOUT');sjAudit('CLEAR_MASTER','Produk/kategori/inventory');showToas"
1733,db.ref,transaction,DB_PATH+'/global/inventory/'+p.id,".transaction(cur=>sjNum(cur)+sjNum(it.q)),8000,'VOID_STOCK_TIMEOUT');restored.push({id:p.id,q:sjNum(it.q),name:p.n})}}var u={},path=activeDa"
1733,db.ref,transaction,DB_PATH+'/global/inventory/'+r.id,".transaction(cur=>Math.max(0,sjNum(cur)-r.q))}catch(_){}}alert(sjFriendlyError(e))}})})}  // Ganti fungsi tutupBukuBulanan function tutupBuk"
1733,db.ref,update,DB_PATH,".update(u),10000,'VOID_TIMEOUT');showToast('Transaksi di-VOID dan stok dikembalikan.','warning');calcLaporan();sjRenderTransactionHistory()}"
1736,db.ref,set,DB_PATH+'/global/lockedMonths',".set(locked),10000,'EOM_TIMEOUT');sjAudit('EOM_CLOSE',bln);showToast('Bulan '+bln+' ditutup.','success')}catch(e){sjSaveError('EOM_CLOSE',e)"
1739,db.ref,once,DB_PATH,".once('value'),15000,'BACKUP_TIMEOUT'),data=snap.val();if(!data)return alert('Database kosong.');var blob=new Blob([JSON.stringify(data,null"
1742,db.ref,once,DB_PATH,".once('value'),12000,'PRE_RESTORE_TIMEOUT');if(old.val())sjDownloadBlob(new Blob([JSON.stringify(old.val(),null,2)],{type:'application/json'"
1742,db.ref,set,DB_PATH,".set(data),18000,'RESTORE_TIMEOUT');showToast('Restore berhasil. Aplikasi akan dimuat ulang.','success');setTimeout(()=>location.reload(),10"
1846,db.ref,once,DB_PATH,".once('value'),12000,'GRAN_READ_TIMEOUT'),data=snap.val()||{};Object.keys(data).filter(k=>/^\d{4}-\d{2}-\d{2}/.test(k)&&k.substring(0,10)>=a"
1846,db.ref,once,DB_PATH+'/'+sk,".once('value'),5000,'GRAN_USER_SHIFT_GUARD').catch(()=>null);if(ss&&window.SJReliability&&SJReliability.shiftOwnedByUser(ss.val(),uid))retur"
1846,db.ref,update,DB_PATH,".update(u),15000,'GRAN_DELETE_TIMEOUT');closeModalHapusGranular();sjAudit('GRANULAR_DELETE',Object.keys(u).length+' path');showToast('Data p"
1850,db.ref,update,DB_PATH,".update(u),10000,'EXPENSE_TIMEOUT');clsModal('modal-sj-expense');showToast('Pengeluaran disimpan • '+sjFundLabel(source)+'.','success')}catc"
1851,db.ref,remove,DB_PATH+'/'+activeDate+'/opex/'+key,".remove();sjAudit('EXPENSE_DELETE',key)}catch(e){sjSaveError('EXPENSE_DELETE',e);alert(sjFriendlyError(e))}}  async function sjSavePayment()"
1853,db.ref,once,DB_PATH+'/'+path+key,".once('value'),8000,'PAY_READ_TIMEOUT'),h=snap.val();if(!h)throw new Error('Data tidak ditemukan.');var total=sjNum(h.originalAmount||h.nomi"
1853,db.ref,update,DB_PATH,".update(u),10000,'PAY_TIMEOUT');clsModal('modal-sj-payment');SJ_ACTIVE_PAYMENT=null;showToast('Pembayaran '+sjPayLabel(method)+' tercatat. S"
1857,db.ref,,DB_PATH+'/global/inventory/'+id,",before=sjStockQty(p),after=before,delta=0;if(mode==='RESTOCK'){var tr=await sjTimeout(ref.transaction(cur=>sjNum(cur==null?before:cur)+qty)"
1857,db.ref,set,DB_PATH+'/global/stockLedger/'+lid,".set({id:lid,productId:p.id,productName:p.n,delta:delta,before:before,after:after,type:mode,note:note||'Restock',user:currentUserName,ts:Dat"
1860,db.ref,,DB_PATH,".orderByKey().startAt(day).endAt(day+'\uf8ff'),s=await sjTimeout(ref.once('value'),12000,'REPORT_TIMEOUT');return{period:day,data:s.val()||{"
1860,db.ref,,DB_PATH,".orderByKey().startAt(month).endAt(month+'\uf8ff'),s2=await sjTimeout(ref2.once('value'),15000,'REPORT_TIMEOUT');return{period:month,data:s2"
1860,db.ref,once,DB_PATH+'/'+activeDate,".once('value'),10000,'REPORT_TIMEOUT');return{period:activeDate,data:{[activeDate]:s.val()||emptyDay()}}}if(type==='daily'){var day=activeDa"
1877,db.ref,once,DB_PATH+'/global/_diagnostics/'+id,".once('value'),8000,'DIAG_READ_TIMEOUT');await db.ref(DB_PATH+'/global/_diagnostics/'+id).remove();out.textContent='OK • '+Math.round(perfor"
1877,db.ref,remove,DB_PATH+'/global/_diagnostics/'+id,".remove();out.textContent='OK • '+Math.round(performance.now()-start)+' ms';out.style.color='#10b981'}catch(e){sjSaveError('DIAGNOSTIC',e);o"
1877,db.ref,set,DB_PATH+'/global/_diagnostics/'+id,".set({at:sjNowIso()}),8000,'DIAG_WRITE_TIMEOUT');var s=await sjTimeout(db.ref(DB_PATH+'/global/_diagnostics/'+id).once('value'),8000,'DIAG_R"
1920,db.ref,,DB_PATH,".orderByKey().startAt(activeDateOnly).endAt(activeDateOnly+'\uf8ff').once('value'),9000,'DASH_TIMEOUT'),d=snap.val()||{},sh={};Object.keys(d"
1927,db.ref,,DB_PATH+'/global/restockRequests',";ref.on('value',snap=>{var rows=sjArr(snap.val()),now=Date.now();cloudData.global.restockRequests=snap.val()||{};     if(currentUserRole==='"
1934,db.ref,set,DB_PATH+'/global/notifications/'+nid,".set({id:nid,type:'RESTOCK',title:'Permintaan Restock Baru',body:p.n+' • sisa '+sjStockQty(p)+' • minta +'+q,refId:id,targetRole:'manajemen'"
1934,db.ref,set,DB_PATH+'/global/restockRequests/'+id,".set(row),10000,'RESTOCK_REQUEST_TIMEOUT');clsModal('modal-sjx-restock');showToast('Permintaan restock '+p.n+' +'+q+' dikirim ke Owner.','su"
1947,db.ref,,DB_PATH+'/global/restockRequests/'+key,";try{var tr=await sjTimeout(ref.transaction(cur=>{if(!cur||cur.status!==expected)return;var n=Object.assign({},cur,{status:toStatus,updatedA"
1947,db.ref,set,DB_PATH+'/global/notifications/'+nid,".set({id:nid,type:'RESTOCK_STATUS',title:title,body:body,refId:key,targetView:'RESTOCK',targetUserId:x.requestedById,read:false,ts:Date.now("
1950,db.ref,,DB_PATH+'/global/restockRequests/'+key,;try{var tr=await sjTimeout(ref.transaction(cur=>{if(!cur||cur.status!=='WAITING'||String(cur.requestedById||'')!==String(currentLoginId))re
1950,db.ref,set,DB_PATH+'/global/notifications/'+nid,".set({id:nid,type:'RESTOCK_CANCELLED',title:'Permintaan Restock Dibatalkan',body:(x.productName||'Produk')+' • oleh '+currentUserName,refId:"
1951,db.ref,,DB_PATH+'/global/restockRequests/'+key,",claimed=false,stockAdded=false,p=null,before=0;try{var claim=await sjTimeout(reqRef.transaction(cur=>{if(!cur||cur.status!=='SENT')return;v"
1951,db.ref,transaction,DB_PATH+'/global/inventory/'+p.id,".transaction(cur=>Math.max(0,sjNum(cur)-sjNum(local.requestQty)))}catch(_){}}if(claimed){try{await reqRef.update({status:'SENT',receivingBy:"
1951,db.ref,transaction,DB_PATH+'/global/inventory/'+p.id,".transaction(cur=>sjNum(cur==null?before:cur)+sjNum(x.requestQty)),8000,'RESTOCK_RECEIVE_TIMEOUT');if(!tr.committed)throw new Error('Gagal m"
1951,db.ref,update,DB_PATH,".update(u);showToast('Stok diterima. '+p.n+' sekarang '+after+'.','success');sjAudit('RESTOCK_RECEIVED',p.n+' +'+x.requestQty)}catch(e){sjSa"
1954,db.ref,update,DB_PATH+'/'+activeDate,".update({shiftNote:t,shiftNoteUpdatedAt:sjNowIso(),shiftNoteUpdatedBy:currentUserName});showToast('Catatan shift disimpan.','success');sjAud"
1957,db.ref,set,DB_PATH+'/'+activeDate+'/cashMovements/'+id,".set({id:id,direction:dir,amount:a,note:note,user:currentUserName,ts:Date.now(),at:sjNowIso()});showToast('Mutasi kas disimpan.','success');"
1960,db.ref,set,DB_PATH+'/global/'+node+'/'+id,".set({id:id,name:name.toUpperCase(),phone:phone,note:note,active:true,createdAt:sjNowIso(),createdBy:currentUserName});clsModal('modal-sjx-p"
1963,db.ref,transaction,DB_PATH+'/global/inventory/'+p.id,".transaction(cur=>sjNum(cur)+sjNum(x.q));restocked.push({id:p.id,q:sjNum(x.q)})}}}u['global/refunds/'+refid]={id:refid,originalTxId:t.id||t."
1963,db.ref,transaction,DB_PATH+'/global/inventory/'+x.id,".transaction(cur=>Math.max(0,sjNum(cur)-x.q))}catch(_){}}alert(sjFriendlyError(e))}})},  async toggleAvailability(id){var menu=(cloudData.gl"
1963,db.ref,update,DB_PATH,".update(u);showToast('Retur '+fmt(total)+' berhasil dicatat.','success');document.getElementById('sjx-refund-result').innerHTML='';document."
1964,db.ref,set,DB_PATH+'/global/menu',".set(menu);showToast(menu[i].unavailableDate?'Produk ditandai tidak tersedia hari ini.':'Produk tersedia kembali.','success');sjAudit('PRODU"
1969,db.ref,update,DB_PATH+'/global/settings',".update({pushEnabled:en,pushWebhook:url});showToast('Pengaturan push disimpan.','success')}catch(e){alert(sjFriendlyError(e))}},  async test"
2035,db.ref,,DB_PATH+'/'+key,",cb=function(snap){var d=snap.val()||{};cloudData[key]=d;sjRenderOwnerShiftDetailData(key,d)};SJ_SHIFT_DETAIL_LIVE={key:key,ref:ref,cb:cb};r"
2036,db.ref,set,DB_PATH+'/global/notifications/'+key+'/read',".set(true).catch(()=>{});clsModal('modal-sjx-notif');SJX.updateBell();var type=String(n.type||'').toUpperCase(),target=String(n.targetView||"
2061,db.ref,once,DB_PATH+'/'+date+c,".once('value'),9000,'SHIFT_DAY_'+c.slice(1)+'_TIMEOUT');return[c,snap.val()||emptyDay()]})),o={};rows.forEach(([c,d])=>o[c]=d||emptyDay());t"
2129,db.ref,,DB_PATH+'/'+activeDate+'/sessionControl',",reserved=false;         try{             var tr=await sjTimeout(controlRef.transaction(cur=>{if(cur&&cur.status==='ACTIVE')return;return{st"
2132,db.ref,once,DB_PATH+'/'+activeDate,".once('value')).val()||emptyDay();if(fresh.locked)throw new Error('Shift sudah ditutup.');var baseline=this.snapshot(fresh),sessions=sjObj(f"
2138,db.ref,,DB_PATH+'/'+activeDate+'/sessionControl',",reserved=false,btn=document.getElementById('sjshift-handover-save');this.busy=true;sjSetBusy(btn,true,'MEMPROSES...');         try{        "
2140,db.ref,once,DB_PATH+'/'+activeDate,".once('value')).val()||d,summary=this.sessionSummary(oldSession,fresh),baseline=this.snapshot(fresh),u={};u[activeDate+'/sessions/'+oldId+'/"
2140,db.ref,set,DB_PATH+'/global/notifications/'+nid,".set({id:nid,type:'SHIFT_HANDOVER',title:'Serah Terima Shift',body:this.label(activeShift)+' diserahkan kepada Anda.',targetUserId:targetId,"
2147,db.ref,,DB_PATH+'/'+activeDate+'/sessionControl',",reserved=false,oldControl=Object.assign({},d.sessionControl||{});         try{             var tr=await sjTimeout(controlRef.transaction(cu"
2150,db.ref,once,DB_PATH+'/'+activeDate,".once('value'),8000,'SHIFT_CLOSE_READ_TIMEOUT')).val()||d,freshSession=fresh.sessions?.[sid]||session,sessionExpected=this.expectedSession(f"
2252,db.ref,set,DB_PATH+'/global/notifications/'+key+'/readBy/'+this.safeReaderKey(),".set(true)}catch(e){sjSaveError('NOTIF_READ',e)}},  async menuTransaction(mutator,label){var ref=db.ref(DB_PATH+'/global/menu');var tr=await"
2253,db.ref,,DB_PATH+'/global/menu',";var tr=await sjTimeout(ref.transaction(cur=>{var arr=this.menuArray(cur),next=mutator(arr);return next===undefined?undefined:next}),10000,l"
2254,db.ref,,DB_PATH+'/global/kategori',";var tr=await sjTimeout(ref.transaction(cur=>{var arr=this.categoryArray(cur),next=mutator(arr);return next===undefined?undefined:next}),900"
2258,db.ref,update,DB_PATH+'/global/schema',".update({version:'59.3',releaseVersion:'59.3.4',productOrder:true,notificationAudience:true,archiveProducts:true,mobileFirstUX:true,groupedP"
2304,db.ref,set,DB_PATH+'/global/inventory/'+obj.id,".set(0);clsModal('modal-add-menu');showToast('Produk disimpan. Stok awal 0 = HABIS; tambahkan stok melalui Operasional → Stok.','success');s"
2305,db.ref,set,DB_PATH+'/global/inventory/'+updated.id,".set(0);clsModal('modal-edit-master');showToast('Produk diperbarui.','success');sjAudit('PRODUCT_EDIT',n);SJPro.renderProductMaster();SJPro."
2322,db.ref,set,DB_PATH+'/global/'+node+'/'+key,".set({id:key,name,phone,note,active,createdAt:sjNowIso(),createdBy:currentUserName})}SJX._personEditKey='';clsModal('modal-sjx-person');show"
2322,db.ref,update,DB_PATH+'/global/'+node+'/'+key,".update({name,phone,note,active,updatedAt:sjNowIso(),updatedBy:currentUserName});else{key=sjPushKey(DB_PATH+'/global/'+node);await db.ref(DB"
2353,db.ref,once,DB_PATH+'/global',".once('value'),12000,'GLOBAL_REFRESH_TIMEOUT');     var g=snap.val()||{};     g.menu=SJHarden.menuArray(g.menu);g.kategori=SJHarden.category"
2362,db.ref,once,DB_PATH+'/global/menu',".once('value'),9000,'CART_REVALIDATE_TIMEOUT');     return SJHarden.menuArray(snap.val())   },    async revalidateCart(){     if(!cart.lengt"
2391,db.ref,once,DB_PATH+'/global/'+node,".once('value'),9000,'PERSON_LOOKUP_TIMEOUT');     var raw=snap.val()||{},rows=sjArr(raw),found=rows.find(x=>this.norm(x.name)===n);     if(f"
2395,db.ref,set,DB_PATH+'/global/'+node+'/'+key+'/id',".set(id);       return id     }     var id=sjPushKey(DB_PATH+'/global/'+node);     await db.ref(DB_PATH+'/global/'+node+'/'+id).set({id:id,n"
2399,db.ref,set,DB_PATH+'/global/'+node+'/'+id,".set({id:id,name:n,phone:'',note:'Dibuat otomatis dari transaksi legacy/operasional',active:true,createdAt:sjNowIso(),createdBy:currentUserN"
2421,db.ref,update,DB_PATH,".update(updates),12000,'REFERENCE_MIGRATION_TIMEOUT');       sjAudit('REFERENCE_MIGRATION','Customer '+cCount+' • Employee '+eCount)     }  "
2428,db.ref,once,DB_PATH+'/global/transactionReservations',".once('value'),10000,'RESERVATION_SCAN_TIMEOUT').catch(()=>null);     if(!snap)return 0;     var rows=sjArr(snap.val()),now=Date.now(),recov"
2436,db.ref,once,DB_PATH+'/'+shift+'/tx/'+txId,".once('value'),7000,'RESERVATION_TX_CHECK_TIMEOUT').catch(()=>null);       if(txSnap&&txSnap.exists()){         await db.ref(DB_PATH+'/globa"
2438,db.ref,update,DB_PATH+'/global/transactionReservations/'+key,".update({status:'COMMITTED',committedAt:sjNowIso(),recoveredCheckAt:sjNowIso()});         continue       }       var claim=await sjTimeout(d"
2441,db.ref,transaction,DB_PATH+'/global/transactionReservations/'+key,.transaction(cur=>{         if(!cur||cur.status!=='PENDING'||Date.now()-sjNum(cur.lastActivityTs||cur.ts)<this.reservationStaleMs)return;   
2451,db.ref,transaction,DB_PATH+'/global/inventory/'+item.productId,".transaction(cur=>sjNum(cur)+q),8000,'RESERVATION_RECOVER_STOCK_TIMEOUT');           var lid=sjPushKey(DB_PATH+'/global/stockLedger');      "
2453,db.ref,set,DB_PATH+'/global/stockLedger/'+lid,".set({id:lid,productId:item.productId,productName:item.name||'',delta:q,type:'TX_RESERVATION_RECOVERY',refId:txId,user:currentUserName||'SYS"
2456,db.ref,update,DB_PATH+'/global/transactionReservations/'+key,".update({status:'RECOVERY_REVIEW_REQUIRED',recoveredAt:sjNowIso(),recoveredBy:currentLoginId||'SYSTEM',reviewReason:'Prepared stock intent d"
2459,db.ref,update,DB_PATH+'/global/transactionReservations/'+key,".update({status:'RECOVERED',recoveredAt:sjNowIso(),recoveredBy:currentLoginId||'SYSTEM'});           recovered++         }       }catch(e){ "
2464,db.ref,update,DB_PATH+'/global/transactionReservations/'+key,".update({status:'RECOVERY_ERROR',recoveryError:String(e.message||e),recoveryErrorAt:sjNowIso()}).catch(()=>{})       }     }     if(recovere"
2473,db.ref,transaction,DB_PATH+'/global/inventory/'+r.id,".transaction(cur=>sjNum(cur)+sjNum(r.q))}catch(e){sjSaveError('TX_ROLLBACK_STOCK',e)}     }     await db.ref(DB_PATH+'/global/transactionRes"
2475,db.ref,update,DB_PATH+'/global/transactionReservations/'+txId,".update({status:'ROLLED_BACK',rolledBackAt:sjNowIso(),rollbackReason:String(reason||'TRANSACTION_FAILED')}).catch(()=>{})   },    async proc"
2511,db.ref,,DB_PATH+'/global/inventory/'+p.id,",rk=sjPushKey(DB_PATH+'/global/transactionReservations/'+txId+'/reservedItems');         await sjTimeout(db.ref(DB_PATH+'/global/transaction"
2512,db.ref,set,DB_PATH+'/global/transactionReservations/'+txId+'/reservedItems/'+rk,".set({productId:p.id,q:q,name:p.n,state:'PREPARED',preparedAt:sjNowIso()}),5000,'TX_JOURNAL_PREPARE_TIMEOUT');         var tr=await sjTimeou"
2514,db.ref,update,DB_PATH+'/global/transactionReservations/'+txId+'/reservedItems/'+rk,".update({state:'REJECTED',rejectedAt:sjNowIso()}).catch(()=>{});throw Object.assign(new Error('Stok '+p.n+' tidak mencukupi.'),{code:'STOCK_"
2517,db.ref,update,DB_PATH+'/global/transactionReservations/'+txId+'/reservedItems/'+rk,".update({state:'RESERVED',reservedAt:sjNowIso(),afterQty:sjNum(tr.snapshot.val())}),5000,'TX_JOURNAL_ITEM_TIMEOUT');         await db.ref(DB"
2518,db.ref,update,DB_PATH+'/global/transactionReservations/'+txId,".update({lastActivityTs:Date.now(),lastActivityAt:sjNowIso()}).catch(()=>{})       }        if(payMethod==='Kasbon')customerId=await this.en"
2546,db.ref,update,DB_PATH,".update(upd),10000,'TX_WRITE_TIMEOUT')       }catch(e){         var verify=await sjTimeout(db.ref(DB_PATH+'/'+base+'/tx/'+txId).once('value'"
2548,db.ref,once,DB_PATH+'/'+base+'/tx/'+txId,".once('value'),4000,'TX_VERIFY_TIMEOUT').catch(()=>null);         if(!(verify&&verify.exists()))throw e       }       committed=true;       "
2566,db.ref,once,DB_PATH+'/'+activeDate+'/tx/'+txId,.once('value');exists=!!(c&&c.exists())}catch(_){}}       if(exists||committed){         if(txId)await db.ref(DB_PATH+'/global/transactionRe
2568,db.ref,update,DB_PATH+'/global/transactionReservations/'+txId,".update({status:'COMMITTED',committedAt:sjNowIso(),verifiedAfterError:true}).catch(()=>{});         cart=[];if(window.SJPrice)SJPrice.resetS"
2598,db.ref,update,DB_PATH,".update(u),10000,'KASBON_TIMEOUT');clsModal('modal-tambah-kasbon');showToast('Kasbon karyawan tersimpan • '+sjFundLabel(source)+'.','success"
2617,db.ref,once,DB_PATH+'/global/users',".once('value'),9000,'USER_GUARD_TIMEOUT'),users=usersSnap.val()||{},target=users[id];     if(!target)return alert('Pengguna tidak ditemukan."
2627,db.ref,once,DB_PATH+'/'+k,".once('value'),5000,'USER_SHIFT_GUARD_TIMEOUT').catch(()=>null);         if(snap&&this.shiftOwnedByUser(snap.val(),id))return alert('Kasir i"
2632,db.ref,remove,DB_PATH+'/global/users/'+id,".remove();sjAudit('USER_DELETE',id);showToast('Pengguna dihapus.','success')}catch(e){sjSaveError('USER_DELETE',e);alert(sjFriendlyError(e))"
2689,db.ref,once,DB_PATH,".once('value'),12000,'PRE_RESTORE_TIMEOUT'),oldData=old.val();       if(oldData){         sjDownloadBlob(new Blob([JSON.stringify(oldData,nu"
2693,db.ref,set,DB_PATH,".set(this.restoreCandidate),20000,'RESTORE_TIMEOUT');       await db.ref(DB_PATH+'/global/schema').update({version:'59.3',releaseVersion:'59"
2694,db.ref,update,DB_PATH+'/global/schema',".update({version:'59.3',releaseVersion:'59.3.4',restoredAt:sjNowIso(),restoredBy:currentLoginId}).catch(()=>{});       this.restoreCandidate"
2708,db.ref,once,DB_PATH,".once('value'),12000,'PRE_RESTORE_TIMEOUT'),oldData=old.val();if(oldData)sjDownloadBlob(new Blob([JSON.stringify(oldData,null,2)],{type:'app"
2709,db.ref,set,DB_PATH,".set(candidate),20000,'RESTORE_TIMEOUT')}       catch(e){var marker=await sjTimeout(db.ref(DB_PATH+'/global/schema/restoreRequestId').once('"
2710,db.ref,once,DB_PATH+'/global/schema/restoreRequestId',".once('value'),6000,'RESTORE_VERIFY_TIMEOUT').catch(()=>null);if(!(marker&&String(marker.val()||'')===restoreId))throw e}       await db.ref"
2711,db.ref,update,DB_PATH+'/global/schema',".update({version:'59.3',releaseVersion:'59.3.10',restoreRequestId:restoreId,restoredAt:sjNowIso(),restoredBy:currentLoginId}).catch(e=>sjSav"
2807,db.ref,update,DB_PATH+'/global/schema',".update({version:'59.3',releaseVersion:'59.3.4',productOrder:true,notificationAudience:true,archiveProducts:true,mobileFirstUX:true,groupedP"
2865,db.ref,update,DB_PATH,".update(updates),10000,timeoutCode)}     catch(e){       var ok=false;try{ok=!!(await verify())}catch(v){sjSaveError(timeoutCode+'_VERIFY',v"
2876,db.ref,once,DB_PATH+'/'+shift,".once('value'),5000,code+'_VERIFY_TIMEOUT'),d=snap.val()||{},c=d.sessionControl||{},ses=d.sessions?.[sessionId]||{};       if(kind==='START'"
2904,db.ref,,DB_PATH+'/global/'+node+'/'+key,",payId='PAY-'+Date.now().toString(36).toUpperCase()+'-'+Math.random().toString(36).slice(2,6).toUpperCase(),lockHeld=false;     sjSetBusy(bt"
2923,db.ref,once,DB_PATH+'/global/'+node+'/'+key+'/lastPaymentId',.once('value')).val();return String(v||'')===payId});       lockHeld=false;clsModal('modal-sj-payment');SJ_ACTIVE_PAYMENT=null;showToast('Pe
2953,db.ref,,DB_PATH+'/'+activeDate+'/tx/'+txKey,",refid=sjPushKey(DB_PATH+'/global/refunds'),lockId='REF-'+Date.now().toString(36).toUpperCase(),lockHeld=false,restocked=[];       try{     "
2961,db.ref,transaction,DB_PATH+'/global/inventory/'+row.item.id,".transaction(cur=>sjNum(cur)+row.q),8000,'REFUND_STOCK_TIMEOUT');restocked.push({id:row.item.id,q:row.q,name:this.productName(fresh,row.inde"
2968,db.ref,once,DB_PATH+'/'+activeDate+'/tx/'+txKey+'/lastRefundId',.once('value')).val()||'')===String(refid));         lockHeld=false;showToast('Retur '+fmt(total)+' berhasil dicatat'+(allDone?' • transaksi
2971,db.ref,once,DB_PATH+'/'+activeDate+'/tx/'+txKey+'/lastRefundId',.once('value')).val()||'')===String(refid)}catch(_){ }         if(!committed){for(const x of restocked){try{await db.ref(DB_PATH+'/global/in
2972,db.ref,transaction,DB_PATH+'/global/inventory/'+x.id,".transaction(cur=>Math.max(0,sjNum(cur)-x.q))}catch(_){}}}         if(lockHeld&&!committed){try{await txRef.transaction(cur=>{if(cur&&String"
2984,db.ref,,DB_PATH+'/'+activeDate+'/tx/'+txKey,",voidId='VOID-'+Date.now().toString(36).toUpperCase(),lockHeld=false,restored=[];       try{         var claim=await sjTimeout(txRef.transac"
2988,db.ref,once,DB_PATH+'/global/hutang/'+fresh.debtId,".once('value'),6000,'VOID_DEBT_CHECK_TIMEOUT'),debt=debtSnap.val()||{};if(sjNum(debt.paid)>0||['SEBAGIAN','LUNAS'].includes(String(debt.stat"
2989,db.ref,transaction,DB_PATH+'/global/inventory/'+it.id,".transaction(cur=>sjNum(cur)+q),8000,'VOID_STOCK_TIMEOUT');restored.push({id:it.id,q:q,name:this.productName(fresh,i,it)})}}}         var u="
2994,db.ref,once,DB_PATH+'/'+activeDate+'/tx/'+txKey+'/voidId',".once('value')).val()||'')===voidId);lockHeld=false;showToast('Transaksi di-VOID dan stok dikembalikan.','warning');calcLaporan();sjRenderTr"
2996,db.ref,once,DB_PATH+'/'+activeDate+'/tx/'+txKey+'/voidId',.once('value')).val()||'')===voidId}catch(_){ }         if(!committed){for(const r of restored){try{await db.ref(DB_PATH+'/global/inventory/
2997,db.ref,transaction,DB_PATH+'/global/inventory/'+r.id,".transaction(cur=>Math.max(0,sjNum(cur)-r.q))}catch(_){}}}         if(lockHeld&&!committed){try{await txRef.transaction(cur=>{if(cur&&String"
3065,db.ref,,DB_PATH+'/'+activeDate+'/tx/'+txKey,",refid=sjPushKey(DB_PATH+'/global/refunds'),lockId='REF-'+Date.now().toString(36).toUpperCase(),lockHeld=false;       try{         var claim"
3082,db.ref,once,DB_PATH+'/'+activeDate+'/tx/'+txKey+'/lastRefundId',.once('value')).val()||'')===String(refid));         lockHeld=false;showToast('Retur '+fmt(total)+' berhasil dicatat'+(allDone?' • transaksi
3085,db.ref,once,DB_PATH+'/'+activeDate+'/tx/'+txKey+'/lastRefundId',.once('value')).val()||'')===String(refid)}catch(_){ }         if(lockHeld&&!committed){try{await txRef.transaction(cur=>{if(cur&&String(cur
3097,db.ref,,DB_PATH+'/'+activeDate+'/tx/'+txKey,",voidId='VOID-'+Date.now().toString(36).toUpperCase(),lockHeld=false;       try{         var claim=await sjTimeout(txRef.transaction(cur=>{i"
3101,db.ref,once,DB_PATH+'/global/hutang/'+fresh.debtId,".once('value'),6000,'VOID_DEBT_CHECK_TIMEOUT'),debt=debtSnap.val()||{};if(sjNum(debt.paid)>0||['SEBAGIAN','LUNAS'].includes(String(debt.stat"
3109,db.ref,once,DB_PATH+'/'+activeDate+'/tx/'+txKey+'/voidId',".once('value')).val()||'')===voidId);lockHeld=false;showToast('Transaksi di-VOID dan seluruh koreksi tersimpan atomik.','warning');calcLapor"
3111,db.ref,once,DB_PATH+'/'+activeDate+'/tx/'+txKey+'/voidId',.once('value')).val()||'')===voidId}catch(_){ }         if(lockHeld&&!committed){try{await txRef.transaction(cur=>{if(cur&&String(cur.voidLo
3122,db.ref,once,DB_PATH+'/'+activeDate+'/opex/'+id,".once('value')).exists());clsModal('modal-sj-expense');showToast('Pengeluaran disimpan • '+sjFundLabel(source)+'.','success')}     catch(e){"
3130,db.ref,once,DB_PATH+'/global/kasbonKaryawan/'+id,".once('value')).exists());clsModal('modal-tambah-kasbon');showToast('Kasbon karyawan tersimpan • '+sjFundLabel(source)+'.','success')}     c"
3136,db.ref,,DB_PATH+'/global/restockRequests/'+key,",attempt='RCV-'+Date.now().toString(36).toUpperCase()+'-'+Math.random().toString(36).slice(2,5).toUpperCase(),claimed=false;     try{       "
3141,db.ref,once,DB_PATH+'/global/inventory/'+p.id,".once('value').catch(()=>null),after=afterSnap?sjNum(afterSnap.val()):sjStockQty(p)+qty;showToast('Stok diterima. '+p.n+' sekarang '+after+'"
3141,db.ref,once,DB_PATH+'/global/restockRequests/'+key+'/receivedAttemptId',.once('value')).val()||'')===attempt);claimed=false;var afterSnap=await db.ref(DB_PATH+'/global/inventory/'+p.id).once('value').catch(()=>nu
3143,db.ref,once,DB_PATH+'/global/restockRequests/'+key+'/receivedAttemptId',.once('value')).val()||'')===attempt}catch(_){ }       if(claimed&&!committed){try{await reqRef.transaction(cur=>{if(cur&&cur.status==='RECE
3150,db.ref,once,DB_PATH+'/global/restockRequests',".once('value'),8000,'RESTOCK_RECOVERY_SCAN_TIMEOUT').catch(()=>null);if(!snap)return 0;var rows=sjArr(snap.val()),count=0;     for(var r of "
3151,db.ref,,DB_PATH+'/global/restockRequests/'+key,",tr=await sjTimeout(ref.transaction(cur=>{if(!cur||String(cur.status||'').toUpperCase()!=='RECEIVING'||cur.receivedAt)return;var cts=sjNum(c"
3165,db.ref,update,DB_PATH+'/global/schema',".update({releaseVersion:'59.3.4',atomicRefundVoid:true,partialQtyRefund:true,atomicRestockReceipt:true,verifiedFinancialWrites:true,updatedA"
3176,db.ref,,DB_PATH+'/global/inventory/'+id,",lid=sjPushKey(DB_PATH+'/global/stockLedger'),opId='STK-'+Date.now().toString(36).toUpperCase()+'-'+Math.random().toString(36).slice(2,5).to"
3182,db.ref,once,DB_PATH+'/global/stockLedger/'+lid,".once('value')).exists());     var aft=await ref.once('value').catch(()=>null),after=aft?sjNum(aft.val()):expected;clsModal('modal-sj-stock'"
3208,db.ref,,DB_PATH+'/global/personNameIndex/'+node+'/'+idxKey,";     var idxSnap=await sjTimeout(idxRef.once('value'),7000,'PERSON_INDEX_READ_TIMEOUT'),known=String(idxSnap.val()||'');     if(known){    "
3211,db.ref,once,DB_PATH+'/global/'+node+'/'+known,".once('value'),7000,'PERSON_INDEX_TARGET_TIMEOUT');       if(!pSnap.exists())await db.ref(DB_PATH+'/global/'+node+'/'+known).set({id:known,n"
3212,db.ref,set,DB_PATH+'/global/'+node+'/'+known,".set({id:known,name:n,phone:'',note:'Dibuat ulang dari indeks identitas',active:true,createdAt:sjNowIso(),createdBy:currentUserName||'SYSTEM"
3215,db.ref,once,DB_PATH+'/global/'+node,".once('value'),8000,'PERSON_LOOKUP_TIMEOUT'),rows=sjArr(all.val()),existing=rows.find(x=>SJReliability.norm(x.name)===n),candidate=existing?"
3217,db.ref,,DB_PATH+'/global/'+node+'/'+winner,",target=await sjTimeout(ref.once('value'),7000,'PERSON_TARGET_READ_TIMEOUT');     if(!target.exists())await ref.set({id:winner,name:n,phone:"
3238,db.ref,once,DB_PATH+'/global/transactionReservations/'+txId+'/lastRecoveryOperationId',".once('value')).val()||'')===opId);     return opId   },    async rollbackReservation(txId,reserved,reason){     if(!txId)return;var ref=db."
3243,db.ref,,DB_PATH+'/global/transactionReservations/'+txId,",snap=await sjTimeout(ref.once('value'),7000,'TX_ROLLBACK_READ_TIMEOUT').catch(()=>null),j=snap?snap.val()||{}:{};     if(['COMMITTED','ROLL"
3254,db.ref,once,DB_PATH+'/global/transactionReservations',".once('value'),10000,'RESERVATION_SCAN_TIMEOUT').catch(()=>null);     if(!snap)return 0;     var rows=sjArr(snap.val()),count=0,review=0,def"
3260,db.ref,,DB_PATH+'/global/transactionReservations/'+r._key,";        // Production Final invariant: NO PROOF, NO RECOVERY.       // A missing/failed Firebase read is not proof that a transaction does "
3269,db.ref,once,DB_PATH+'/'+shift+'/tx/'+txId,".once('value'),7000,'RESERVATION_TX_PROOF_TIMEOUT')}       catch(e){         await ref.update({proofDeferredAt:sjNowIso(),proofError:String("
3296,db.ref,once,DB_PATH+'/'+j.shift+'/tx/'+String(j.txId||key),".once('value'),7000,'RESERVATION_LATE_TX_PROOF_TIMEOUT')}       catch(e){         await ref.transaction(cur=>{           if(!cur||String(cur"
3341,db.ref,update,DB_PATH+'/global/schema',".update({version:'59.3',releaseVersion:'59.3.5',productOrder:true,notificationAudience:true,archiveProducts:true,mobileFirstUX:true,groupedP"
3378,db.ref,,DB_PATH+'/'+shiftKey,",cb=snap=>{         var v=snap.val();         if(v){cloudData[shiftKey]=v;renderApp();return}         if(this.initializingShifts.has(shiftKe"
3394,db.ref,,DB_PATH+'/global/transactionReservations/'+txId,",snap;     try{snap=await sjTimeout(ref.once('value'),7000,'TX_ROLLBACK_PROOF_TIMEOUT')}     catch(e){throw Object.assign(new Error('Status "
3407,db.ref,once,DB_PATH+'/'+shift+'/tx/'+txId,".once('value'),7000,'TX_ROLLBACK_TX_PROOF_TIMEOUT')}     catch(e){await ref.update({rollbackPending:true,rollbackReviewReason:'Tidak dapat m"
3453,db.ref,once,DB_PATH+'/'+activeDate+'/cashMovements/'+id+'/operationId',".once('value')).val()||'')===opId);       showToast('Mutasi kas disimpan.','success');if(document.getElementById('sjx-cash-amount'))document"
3460,db.ref,,DB_PATH,".orderByKey().startAt(startDate+'-S1').endAt(endDate+'-S3').once('value'),10000,'DESTRUCTIVE_SHIFT_GUARD_TIMEOUT'),data=snap.val()||{},out=["
3471,db.ref,once,DB_PATH+'/'+activeDate,".once('value'),7000,'RESET_SHIFT_GUARD_TIMEOUT').catch(()=>null);if(!fresh)return alert('Status shift belum dapat diverifikasi.');if(SJShift"
3478,db.ref,update,DB_PATH+'/global/schema',".update({version:'59.3',releaseVersion:'59.3.6',productOrder:true,notificationAudience:true,archiveProducts:true,mobileFirstUX:true,groupedP"
3514,db.ref,,DB_PATH,".orderByKey().startAt(startKey||'2000-01-01-S1').endAt(endKey||'9999-12-31-S3');     var snap=await sjTimeout(q.once('value'),12000,'ACTIVE_"
3539,db.ref,once,DB_PATH+'/global/users',".once('value'),9000,'USER_SAVE_GUARD_TIMEOUT'),users=snap.val()||{},old=users[id]||null,oldRole=String(old?.role||'');       if(old&&oldRole"
3549,db.ref,,DB_PATH+'/global/users/'+id,";       try{await sjTimeout(ref.set(row),10000,'USER_SAVE_TIMEOUT')}       catch(e){var verify=await sjTimeout(ref.child('updateOperationId'"
3560,db.ref,once,DB_PATH+'/global/users',".once('value'),9000,'USER_DELETE_GUARD_TIMEOUT'),users=usersSnap.val()||{},target=users[id];if(!target)return alert('Pengguna tidak ditemuka"
3563,db.ref,,DB_PATH+'/global/users/'+id,";await sjTimeout(ref.remove(),9000,'USER_DELETE_TIMEOUT');sjAudit('USER_DELETE',id);showToast('Pengguna dihapus.','success')     }catch(e){s"
3574,db.ref,,DB_PATH+'/global/lockedMonths',;         try{await sjTimeout(ref.transaction(cur=>{var arr=this.normalizeLocked(cur);if(!arr.includes(bln))arr.push(bln);return Array.from(
3594,db.ref,update,DB_PATH+'/global/schema',".update({version:'59.3',releaseVersion:'59.3.9',proofFirstStaleRecovery:true,eomActiveShiftGuard:true,transactionalMonthLock:true,lastOwnerR"
3710,db.ref,update,DB_PATH+'/global/schema',".update({version:'59.3',releaseVersion:'59.3.10',operationalReadyFinal:true,qrisConfigurationGuard:true,restoreActiveShiftGuard:true,expande"
3770,db.ref,once,DB_PATH+'/'+activeDate,".once('value'),8000,code||'CASH_SHIFT_READ_TIMEOUT');     var d=snap.val()||{},state=this.shiftState(d);     if(state!=='ACTIVE'||d.locked=="
3779,db.ref,,DB_PATH+'/'+activeDate+'/cashOutLock',",now=Date.now();     var tr=await sjTimeout(ref.transaction(cur=>{       var lk=cur||{},age=now-sjNum(lk.ts);       if(lk.id&&age<this.lockT"
3812,db.ref,once,DB_PATH+'/'+activeDate+'/opex/'+id+'/operationId',.once('value')).val()||'')===opId);       lock=null;clsModal('modal-sj-expense');showToast('Pengeluaran disimpan • '+sjFundLabel(source)+'.'
3831,db.ref,once,DB_PATH+'/global/kasbonKaryawan/'+id+'/operationId',.once('value')).val()||'')===id);       lock=null;clsModal('modal-tambah-kasbon');showToast('Kasbon karyawan tersimpan • '+sjFundLabel(sourc
3844,db.ref,once,DB_PATH+'/'+activeDate+'/cashMovements/'+id+'/operationId',".once('value')).val()||'')===opId);lock=null;       showToast('Mutasi kas disimpan.','success');if(document.getElementById('sjx-cash-amount'"
3855,db.ref,once,DB_PATH+'/global/'+node+'/'+key,".once('value'),8000,'PAYMENT_RECORD_READ_TIMEOUT'),h=snap.val();if(!h)throw new Error('Data hutang/kasbon tidak ditemukan.');       var tota"
3894,db.ref,update,DB_PATH+'/global/schema',".update({version:'59.3',releaseVersion:'59.3.11',cashOutGuard:true,cashOutSerialized:true,financialActiveShiftGuard:true,debtPaymentButtonFi"
4024,db.ref,update,DB_PATH+'/global/uiSettings',".update(Object.assign({},val,{updatedAt:sjNowIso(),updatedBy:currentLoginId})),10000,'UI_SETTINGS_TIMEOUT');cloudData.global=cloudData.globa"
4025,db.ref,set,DB_PATH+'/global/uiSettings',".set(Object.assign({},this.defaults,{updatedAt:sjNowIso(),updatedBy:currentLoginId}));cloudData.global.uiSettings=Object.assign({},this.defa"
4042,db.ref,set,DB_PATH+'/global/inventory/'+updated.id,".set(0);clsModal('modal-sjmux-quick');showToast('Produk diperbarui.','success');sjAudit('PRODUCT_QUICK_EDIT',n);this.refreshAll()}catch(e){s"
4052,db.ref,update,DB_PATH+'/global/schema',".update({version:'59.4',releaseVersion:'59.4.0',mobileUiSettings:true,longPressProductEdit:true,iconProductMaster:true,updatedAt:sjNowIso()}"
4157,db.ref,set,DB_PATH+'/global/inventory/'+clone.id,.set(0);clsModal('modal-sjmux-quick');SJMobileUX.renderProductMaster();SJPro.renderProducts();showToast('Produk diduplikat. Stok produk baru
4174,db.ref,update,DB_PATH+'/global/uiSettings',".update(Object.assign({},val,{updatedAt:sjNowIso(),updatedBy:currentLoginId})),10000,'UI_SETTINGS_TIMEOUT');cloudData.global.uiSettings=Obje"
4175,db.ref,set,DB_PATH+'/global/uiSettings',".set(Object.assign({},val,{updatedAt:sjNowIso(),updatedBy:currentLoginId}));cloudData.global.uiSettings=val;this.applyLayout();SJMobileUX.op"
4187,db.ref,update,DB_PATH+'/global/schema',".update({version:'59.4',releaseVersion:'59.4.1',mobileProfessionalP1:true,roleLayouts:true,quickActions:true,pinnedFavorites:true,productDup"
4236,db.ref,update,DB_PATH,".update(u);showToast(rows.length+' notifikasi ditandai dibaca.','success');this.renderNotifications();SJX.updateBell()}catch(e){alert(sjFrie"
4251,db.ref,,DB_PATH+'/global/deviceSessions/'+id,";try{var snap=await ref.once('value'),old=snap.val()||{};if(old.revoked){showToast('Perangkat ini telah dicabut aksesnya oleh Owner.','error"
4253,db.ref,update,DB_PATH+'/global/deviceSessions/'+key,".update({revoked:revoke,revokedAt:revoke?sjNowIso():'',revokedBy:currentUserName,online:revoke?false:x.online});sjAudit(revoke?'DEVICE_REVOK"
4256,db.ref,once,DB_PATH+'/'+activeDate,".once('value'),7000,'CLOSE_HEALTH_SHIFT_TIMEOUT'),sjTimeout(db.ref(DB_PATH+'/global/restockRequests').once('value'),7000,'CLOSE_HEALTH_RESTO"
4256,db.ref,once,DB_PATH+'/global/restockRequests',".once('value'),7000,'CLOSE_HEALTH_RESTOCK_TIMEOUT'),sjTimeout(db.ref(DB_PATH+'/global/transactionReservations').once('value'),7000,'CLOSE_HE"
4256,db.ref,once,DB_PATH+'/global/transactionReservations',".once('value'),7000,'CLOSE_HEALTH_RESERVATION_TIMEOUT')]),h=this.closingHealth(ds.val()||{},{restockRequests:rs.val()||{},transactionReserva"
4263,db.ref,once,DB_PATH,".once('value'),15000,'BACKUP_TIMEOUT'),data=snap.val();if(!data)return alert('Database kosong.');var blob=new Blob([JSON.stringify(data,null"
4263,db.ref,update,DB_PATH+'/global/systemMeta',".update({lastBackupAt:sjNowIso(),lastBackupTs:Date.now(),lastBackupBy:currentUserName,lastBackupBuild:'59.4.2'}).catch(()=>{});showToast('Ba"
4264,db.ref,update,DB_PATH+'/global/schema',".update({version:'59.4',releaseVersion:'59.4.2',mobileProfessionalP1:true,ownerControlP2:true,smartNotificationCenter:true,humanAuditTrail:t"
4267,db.ref,update,DB_PATH+'/global/deviceSessions/'+id,".update({online:false,lastSeenAt:sjNowIso(),lastSeenTs:Date.now()}).catch(()=>{});if(this._deviceRef&&this._deviceCb)this._deviceRef.off('va"
4290,db.ref,once,DB_PATH+'/global/security/authMode',".once('value'),5000,'AUTH_MODE_TIMEOUT'),m=String(s.val()||'LEGACY').toUpperCase();this.cacheAuthMode(m);cloudData.global=cloudData.global||"
4292,db.ref,,DB_PATH+'/global/'+path,;if(path==='auditLogs'||path==='stockLedger'||path==='refunds')return r.orderByChild('ts').limitToLast(path==='auditLogs'?600:1000);if(path=
4294,db.ref,once,DB_PATH+'/global/users',".once('value'),10000,'LOAD_USERS_TIMEOUT');cloudData.global.users=us.val()||{}}else{var us2=await sjTimeout(db.ref(DB_PATH+'/global/users/'+"
4294,db.ref,once,DB_PATH+'/global/users/'+currentLoginId,".once('value'),10000,'LOAD_USER_TIMEOUT');cloudData.global.users={};cloudData.global.users[currentLoginId]=us2.val()||{}}this.normalizeGloba"
4297,db.ref,,DB_PATH+'/global/users',",uc=sn=>{cloudData.global.users=sn.val()||{};this.scheduleRender('users')};ur.on('value',uc,e=>sjSaveError('P3_USERS_LISTENER',e));this._lis"
4297,db.ref,,DB_PATH+'/global/users/'+currentLoginId,",uc2=sn=>{cloudData.global.users=cloudData.global.users||{};cloudData.global.users[currentLoginId]=sn.val()||{};this.scheduleRender('users')"
4298,db.ref,,'.info/connected',";this._connectedRef.on('value',sn=>{this.serverConnected=sn.val()===true;this.updateSyncUI();if(ind){ind.textContent=this.serverConnected?'●"
4298,db.ref,,DB_PATH+'/global/security',";this._securityRef.on('value',sn=>{cloudData.global=cloudData.global||{};cloudData.global.security=sn.val()||{};this.cacheAuthMode(String(cl"
4298,db.ref,,DB_PATH+'/global/settings',";this._settingsRef.on('value',sn=>{cloudData.global=cloudData.global||{};cloudData.global.settings=sn.val()||{};applyStoreSettings()},()=>{}"
4299,db.ref,,DB_PATH,");['set','update','remove','transaction'].forEach(name=>{var orig=proto[name];if(typeof orig!=='function'||orig.__sjp3)return;var self=this;"
4303,db.ref,once,DB_PATH+'/global/authUsers/'+uid,".once('value'),7000,'AUTH_MAP_VERIFY_TIMEOUT'),m=ms.val()||{};if(!m.active||String(m.username||'')!==String(username)||String(m.role||'trans"
4303,db.ref,set,DB_PATH+'/global/authUsers/'+uid,.set(row)}else if(String(user?.role||'transaksi')==='manajemen'){await db.ref(DB_PATH+'/global/authUsers/'+uid).update(row)}else{var ms=awai
4303,db.ref,update,DB_PATH+'/global/authUsers/'+uid,".update(row)}else{var ms=await sjTimeout(db.ref(DB_PATH+'/global/authUsers/'+uid).once('value'),7000,'AUTH_MAP_VERIFY_TIMEOUT'),m=ms.val()||"
4303,db.ref,update,DB_PATH+'/global/users/'+username,".update({authUid:uid,authEmail:c.email,authProvisionedAt:sjNowIso(),authVersion:1});await db.ref(DB_PATH+'/global/authUsers/'+uid).set(row)}"
4304,db.ref,once,DB_PATH+'/global/authUsers/'+uid,".once('value'),7000,'AUTH_MAP_TIMEOUT'),m=map.val()||{};if(!m.active||String(m.username||'')!==String(username))throw Object.assign(new Erro"
4304,db.ref,once,DB_PATH+'/global/users/'+username,".once('value'),7000,'AUTH_USER_TIMEOUT'),user=us.val();if(!user)throw Object.assign(new Error('Profil pengguna POS tidak ditemukan.'),{code:"
4306,db.ref,once,DB_PATH+'/global/users/'+u,".once('value'),8000,'LOGIN_USER_TIMEOUT');user=snap.val();if(!user||!(await sjVerifyPin(u,p,user)))throw Object.assign(new Error('PIN salah'"
4307,db.ref,update,DB_PATH+'/global/deviceSessions/'+did,".update({online:false,lastSeenAt:sjNowIso(),lastSeenTs:Date.now()}).catch(()=>{});if(SJOwnerProfessionalP2._deviceRef&&SJOwnerProfessionalP2"
4308,db.ref,set,DB_PATH+'/global/authUsers/'+uid,".set({uid,username,role:row.role||'transaksi',displayName:String(row.nama||username).toUpperCase(),active:true,updatedAt:sjNowIso(),updatedT"
4308,db.ref,update,DB_PATH+'/global/users/'+username,".update({authUid:uid,authEmail:c.email,authProvisionedAt:sjNowIso(),authVersion:1});await db.ref(DB_PATH+'/global/authUsers/'+uid).set({uid,"
4309,db.ref,once,DB_PATH+'/global/users',".once('value'),9000,'P3_USER_SAVE_READ_TIMEOUT')).val()||{},old=users[id]||null;if(!old&&pin.length<4)return alert('PIN minimal 4 karakter u"
4309,db.ref,set,DB_PATH+'/global/users/'+id,".set(row),10000,'P3_USER_SAVE_TIMEOUT');var uid=row.authUid||'';if(!uid&&pin&&this.authMode()!=='LEGACY'){try{uid=await this.provisionUserSe"
4309,db.ref,update,DB_PATH+'/global/authUsers/'+uid,".update({uid,username:id,role,displayName:String(nama).toUpperCase(),active:true,updatedAt:sjNowIso(),updatedTs:Date.now()});['usr-id','usr-"
4310,db.ref,once,DB_PATH+'/global/users/'+id,".once('value'),u=snap.val()||{},uid=u.authUid||'';await SJAdminEomSafety.deleteUserSafe(id);if(uid){var exists=await db.ref(DB_PATH+'/global"
4310,db.ref,once,DB_PATH+'/global/users/'+id,".once('value');if(!exists.exists())await db.ref(DB_PATH+'/global/authUsers/'+uid).update({active:false,revokedAt:sjNowIso(),revokedBy:curren"
4310,db.ref,update,DB_PATH+'/global/authUsers/'+uid,".update({active:false,revokedAt:sjNowIso(),revokedBy:currentLoginId}).catch(()=>{})}},   async changeOwnPin(){if(!currentLoginId)return;var "
4311,db.ref,once,DB_PATH+'/global/users/'+currentLoginId,".once('value')).val();if(!u||!(await sjVerifyPin(currentLoginId,old,u)))return alert('PIN saat ini salah.');var np=prompt('Masukkan PIN baru"
4311,db.ref,update,DB_PATH+'/global/users/'+currentLoginId,".update({pinHash:c.hash,pinAlgo:'PBKDF2-SHA256',pinVersion:2,updatedAt:sjNowIso()});SJ_SESSION_PIN=np;showToast('PIN berhasil diperbarui.','"
4312,db.ref,once,DB_PATH+'/global/security',".once('value')).val()||{};if(missing.length)return alert('SECURE belum dapat diaktifkan. Akun belum memiliki Firebase UID: '+missing.join(',"
4312,db.ref,once,DB_PATH+'/global/users',".once('value')).val()||{},missing=Object.keys(users).filter(k=>!users[k]?.authUid);var sec=(await db.ref(DB_PATH+'/global/security').once('v"
4312,db.ref,update,DB_PATH+'/global/security',".update({authMode:mode,updatedAt:sjNowIso(),updatedBy:currentLoginId});this.cacheAuthMode(mode);showToast('Mode autentikasi: '+mode+(mode==="
4313,db.ref,update,DB_PATH+'/global/security',".update({rulesDeploymentConfirmed:true,rulesConfirmedAt:sjNowIso(),rulesConfirmedBy:currentLoginId});showToast('Status Security Rules ditand"
4315,db.ref,update,DB_PATH+'/global/systemMeta',".update({minClientVersion:this.version,recommendedClientVersion:this.version,versionEnforcedAt:sjNowIso(),versionEnforcedBy:currentLoginId})"
4323,db.ref,,DB_PATH+'/global/systemMeta/imageMigrationLock',",token='IMG-'+Date.now().toString(36).toUpperCase(),claim=await lockRef.transaction(cur=>{if(cur&&Date.now()-sjNum(cur.ts)<20*60000)return;r"
4323,db.ref,once,DB_PATH+'/global/menu',".once('value'),ss=await db.ref(DB_PATH+'/global/settings').once('value'),rawMenu=ms.val()||[],settings=ss.val()||{};sjDownloadBlob(new Blob("
4323,db.ref,once,DB_PATH+'/global/settings',".once('value'),rawMenu=ms.val()||[],settings=ss.val()||{};sjDownloadBlob(new Blob([JSON.stringify({menu:rawMenu,settings:settings,createdAt:"
4323,db.ref,update,DB_PATH,".update(updates),20000,'IMAGE_MIGRATION_WRITE_TIMEOUT');await db.ref(DB_PATH+'/global/systemMeta').update({lastImageMigrationAt:sjNowIso(),l"
4323,db.ref,update,DB_PATH+'/global/systemMeta',".update({lastImageMigrationAt:sjNowIso(),lastImageMigrationBy:currentLoginId,lastImageMigrationDone:done,lastImageMigrationFailed:failed});s"
4326,db.ref,once,DB_PATH+'/global/authUsers',".once('value'),db.ref(DB_PATH+'/global/users').once('value'),db.ref(DB_PATH+'/global/security').once('value'),db.ref(DB_PATH+'/global/system"
4326,db.ref,once,DB_PATH+'/global/security',".once('value'),db.ref(DB_PATH+'/global/systemMeta').once('value')]),authUsers=au.val()||{},liveUsers=us.val()||{},security=sec.val()||{},sys"
4326,db.ref,once,DB_PATH+'/global/systemMeta',".once('value')]),authUsers=au.val()||{},liveUsers=us.val()||{},security=sec.val()||{},systemMeta=sm.val()||{};cand.global=cand.global||{};ca"
4326,db.ref,once,DB_PATH+'/global/users',".once('value'),db.ref(DB_PATH+'/global/security').once('value'),db.ref(DB_PATH+'/global/systemMeta').once('value')]),authUsers=au.val()||{},"
4327,db.ref,update,DB_PATH+'/global/schema',".update({version:'59.4',releaseVersion:this.version,productionArchitectureP3:true,firebaseAuthBridge:true,securityModeMigration:true,firebas"
4327,db.ref,update,DB_PATH+'/global/systemMeta',".update({recommendedClientVersion:this.version,lastArchitectureUpgradeAt:sjNowIso()})}catch(e){sjSaveError('P3_SCHEMA_META',e)}},   provisio"
4334,db.ref,,DB_PATH+'/global/deviceSessions/'+id,";try{var snap=await ref.once('value'),old=snap.val()||{};if(old.revoked){showToast('Perangkat ini telah dicabut aksesnya oleh Owner.','error"
4337,db.ref,update,DB_PATH+'/global/systemMeta',".update({lastBackupBuild:this.version,lastBackupSchema:this.schema}).catch(()=>{});return x};window.addEventListener('online',()=>this.updat"
4664,db.ref,once,DB_PATH+'/global/authUsers/'+uid,".once('value'),7000,'AUTH_MAP_TIMEOUT'),         sjTimeout(db.ref(DB_PATH+'/global/users/'+username).once('value'),7000,'AUTH_USER_TIMEOUT')"
4665,db.ref,once,DB_PATH+'/global/users/'+username,".once('value'),7000,'AUTH_USER_TIMEOUT')       ]),m=pair[0].val()||{},user=pair[1].val();       if(!m.active||String(m.username||'')!==Strin"
4687,db.ref,once,DB_PATH+'/global/users/'+u,".once('value'),8000,'LOGIN_USER_TIMEOUT');user=snap.val();             if(!user||!(await sjVerifyPin(u,p,user)))throw Object.assign(new Erro"
4715,db.ref,update,DB_PATH,".update(u)}catch(e){sjSaveError('NOTIF_OPEN_ACK',e)}   },   patchNotifications(){     if(!window.SJX)return;     var oldOpen=SJX.openNotific"
4751,db.ref,once,DB_PATH+'/global/menu',".once('value'),db.ref(DB_PATH+'/global/settings').once('value')]),rawMenu=pair[0].val()||[],settings=pair[1].val()||{};       sjDownloadBlob"
4751,db.ref,once,DB_PATH+'/global/settings',".once('value')]),rawMenu=pair[0].val()||[],settings=pair[1].val()||{};       sjDownloadBlob(new Blob([JSON.stringify({menu:rawMenu,settings:"
4756,db.ref,update,DB_PATH,".update(u),30000,'ZERO_COST_IMAGE_OPT_TIMEOUT');       await db.ref(DB_PATH+'/global/systemMeta').update({lastZeroCostImageOptimizeAt:sjNowI"
4757,db.ref,update,DB_PATH+'/global/systemMeta',".update({lastZeroCostImageOptimizeAt:sjNowIso(),lastZeroCostImageOptimizeBy:currentLoginId,lastZeroCostImageOptimizeCount:done,beforeKB,afte"
5017,db.ref,once,DB_PATH+'/'+k,".once('value'),2800,'INSIGHT_DAY_TIMEOUT');return[k,snap.exists()?snap.val():null]}catch(e){return[k,null]}})),shifts={};rows.forEach(([k,v]"
5707,db.ref,,DB_PATH+'/global/transactionReservations/'+txId,",verify=async(ms=3500)=>{let s=await sjTimeout(ref.once('value'),ms,'TX_JOURNAL_VERIFY_TIMEOUT').catch(()=>null);return !!(s&&s.exists()&&St"
5996,db.ref,,PATH+(p?'/'+p:''),} function uid(){try{return firebase.auth().currentUser&&firebase.auth().currentUser.uid||currentLoginId||''}catch(_){return currentLoginId|
6045,db.ref,transaction,DB_PATH+'/global/inventory/'+c.id,".transaction(function(cur){return n(cur)+q})}catch(e){await wref.transaction(function(cur){return n(cur)+q});throw e}}var t=Date.now(),u={},"
6049,db.ref,set,DB_PATH+'/global/inventory/'+c.id,".set(actual)}var delta=actual-before,id=movementId();await invRef('movements/'+id).set({id:id,itemType:c.type,itemId:c.id,itemName:c.name,ty"
6076,db.ref,,DB_PATH+'/'+shift+'/tx/'+txId,",txSn=await txRef.once('value'),tx=txSn.val()||{};if(tx.inventorySalesNormalized===true)return;var source=(cartSnapshot&&cartSnapshot.length"
6076,db.ref,transaction,DB_PATH+'/'+shift+'/sd/'+vid,".transaction(function(cur){if(!cur)return cur;return n(cur.q)<=0?null:cur})}catch(_){}}} async function commitRecipeReservation(res,txId,shi"
6076,db.ref,update,DB_PATH,.update(u)}catch(e){var verify=await txRef.child('inventorySalesNormalized').once('value').catch(function(){return null});if(!(verify&&verif
6077,db.ref,update,DB_PATH,".update(rootUpdates);await normalizeCommittedRecipeSale(txId,shift,cartSnapshot)}catch(e){var committed=false;try{committed=String((await in"
6078,db.ref,,DB_PATH+'/'+shift+'/tx/'+txId+'/inventoryRecipeVoidRestoreState',",claim=await stateRef.transaction(function(cur){if(cur&&cur.status==='DONE')return;if(cur&&cur.status==='CLAIMED'&&now-n(cur.ts)<120000)retu"
6079,db.ref,once,DB_PATH+'/'+activeDate+'/tx',".once('value'),txs=sn.val()||{};for(var txId of Object.keys(txs)){var t=txs[txId]||{};if(Array.isArray(t.inventoryRecipeItems)&&t.inventoryR"
6080,db.ref,,DB_PATH+'/'+activeDate+'/tx',";txLifecycleRef.on('child_changed',function(sn){var t=sn.val()||{},id=sn.key;if(Array.isArray(t.inventoryRecipeItems)&&t.inventoryRecipeItem"
6082,db.ref,once,DB_PATH+'/'+shift+'/tx',".once('value')).val()||{},cand=Object.keys(after).filter(function(k){if(Object.prototype.hasOwnProperty.call(before,k))return false;var t=af"
6082,db.ref,once,DB_PATH+'/'+shift+'/tx',".once('value')).val()||{},exists=Object.keys(after2).some(function(k){return !Object.prototype.hasOwnProperty.call(before,k)&&n(after2[k].to"
6082,db.ref,once,DB_PATH+'/'+shift+'/tx',".once('value')).val()||{};res=await reserveRecipeConsumption(snapshot);var v=await BASE_PROCESS.apply(this,arguments),after=(await db.ref(DB"
6083,db.ref,once,DB_PATH+'/'+activeDate+'/tx',".once('value'),txs=sn.val()||{};for(var txId of Object.keys(txs)){var t=txs[txId]||{},cons=obj(t.inventoryRecipeConsumption);if(String(t.sta"
6083,db.ref,set,DB_PATH+'/'+activeDate+'/tx/'+txId+'/inventoryRecipeVoidRestoreState',".set({status:'DONE',ts:Date.now(),by:currentLoginId,at:sjNowIso()})}catch(e){await db.ref(DB_PATH+'/'+activeDate+'/tx/'+txId+'/inventoryReci"
6083,db.ref,set,DB_PATH+'/'+activeDate+'/tx/'+txId+'/inventoryRecipeVoidRestoreState',".set({status:'ERROR',ts:Date.now(),by:currentLoginId,at:sjNowIso(),message:String(e.message||e)});sjSaveError('INVENTORY_VOID_RESTORE',e)}}}"
6083,db.ref,transaction,DB_PATH+'/'+activeDate+'/tx/'+txId+'/inventoryRecipeVoidRestoreState',.transaction(function(cur){if(cur&&cur.status==='DONE')return;if(cur&&cur.status==='CLAIMED'&&now-n(cur.ts)<120000)return;return{status:'CLA
6244,db.ref,,DB_PATH+'/'+path,} function qrisRef(path){return db.ref(QRIS_DB_PATH+'/'+path)} function fmtAmount(a){try{return fmt(Number(a)||0)}catch(_){return 'Rp '+Stri
6245,db.ref,,QRIS_DB_PATH+'/'+path,} function fmtAmount(a){try{return fmt(Number(a)||0)}catch(_){return 'Rp '+String(a||0)}} function safeText(v){return typeof sjEsc==='functi
6245,qrisRef,,path,{return db.ref(QRIS_DB_PATH+'/'+path)} function fmtAmount(a){try{return fmt(Number(a)||0)}catch(_){return 'Rp '+String(a||0)}} function safe
6258,qrisRef,transaction,'events/'+eventId,.transaction(function(cur){return cur||row});if(tr.committed||tr.snapshot&&tr.snapshot.exists()){events[eventId]=tr.snapshot.val()||row;retu
6262,qrisRef,update,'inboxState/'+uid+'/'+eventId,".update(patch);var local=Object.assign({},inboxState[eventId]||{});Object.keys(patch).forEach(function(k){var v=patch[k];local[k]=v&&v['.sv'"
6290,qrisRef,transaction,'pending/'+p.pendingId,.transaction(function(cur){       if(!cur||String(cur.cashierId||'')!==String(currentLoginId||''))return;       if((String(cur.status)!=='WA
6361,qrisRef,update,'pending/'+existing.pendingId,".update({status:'CANCELLED',cancelledAt:firebase.database.ServerValue.TIMESTAMP,cancelledBy:currentUid()})}catch(_){}       }else throw new "
6368,qrisRef,set,'pending/'+id,.set(row);activePendingId=id;pendingRows[id]=row;return row; }  async function startWaiting(){   try{     await ensureWaitingPending();     
6479,qrisRef,transaction,'pending/'+p.pendingId,.transaction(function(cur){if(!cur||String(cur.cashierId||'')!==String(currentLoginId||'')||cur.providerTransactionId)return;if(String(cur.s
6495,qrisRef,update,'pending/'+p.pendingId,".update({status:'MANUAL_FALLBACK',manualFallbackAt:firebase.database.ServerValue.TIMESTAMP});p.status='MANUAL_FALLBACK'}catch(_){ }   }   cl"
6512,qrisRef,transaction,'pending/'+pendingId,.transaction(function(cur){       if(!cur||String(cur.cashierId||'')!==String(currentLoginId||'')||String(cur.status)!=='WAITING_QRIS'||cur.
6517,qrisRef,transaction,'signals/'+providerId,.transaction(function(cur){       if(!cur||cur.matchedTransactionId||String(cur.status)==='CONFIRMED'||!Core.eligibleSignalStatus(cur.status
6522,qrisRef,transaction,'pending/'+pendingId,.transaction(function(cur){if(!cur||String(cur.providerTransactionId)!==providerId||String(cur.status)!=='MATCHED'||cur.finalizedTransaction
6537,qrisRef,transaction,'pending/'+globalMatch.pendingId,.transaction(function(cur){if(!cur||String(cur.cashierId||'')!==String(currentLoginId||'')||String(cur.status)!=='WAITING_QRIS'||cur.provide
6539,qrisRef,transaction,'signals/'+id,.transaction(function(cur){if(!cur||cur.matchedTransactionId||String(cur.status)==='CONFIRMED'||!Core.eligibleSignalStatus(cur.status))retur
6541,qrisRef,transaction,'pending/'+globalMatch.pendingId,.transaction(function(cur){if(!cur||String(cur.providerTransactionId)!==id||String(cur.status)!=='MATCHED'||cur.finalizedTransactionId)retur
6549,qrisRef,transaction,'signals/'+id,.transaction(function(cur){if(!cur||cur.matchedTransactionId||String(cur.status)==='CONFIRMED'||!Core.eligibleSignalStatus(cur.status))retur
6554,qrisRef,transaction,'signals/'+id,.transaction(function(cur){if(!cur||cur.matchedTransactionId||String(cur.status)==='CONFIRMED'||!Core.eligibleSignalStatus(cur.status))retur
6575,qrisRef,transaction,'pending/'+p.pendingId,.transaction(function(cur){if(!cur||String(cur.status)!=='MATCHED'||String(cur.providerTransactionId)!==String(p.providerTransactionId)||cur
6582,qrisRef,update,'pending/'+p.pendingId,".update({status:'MATCHED',finalizingAt:null,finalizingBy:null});throw new Error('Transaksi belum terbentuk. Pending dikembalikan untuk dicob"
6583,db.ref,update,QRIS_DB_PATH,".update(u);signals[p.providerTransactionId]=Object.assign({},signals[p.providerTransactionId]||{},{status:'CONFIRMED',confirmedAt:now(),conf"
6592,db.ref,update,QRIS_DB_PATH,".update(u);if(p.providerTransactionId)ensureQrisEvent(p.providerTransactionId,'QRIS_CONFIRMED',{amount:p.amount,pendingId:p.pendingId,transa"
6611,db.ref,update,QRIS_DB_PATH,".update(u);showToast(kind==='READ'?'QRIS ditandai dibaca.':kind==='ARCHIVE'?'QRIS dipindahkan ke Riwayat.':'QRIS dihapus dari tampilan.','su"
6619,qrisRef,transaction,'signals/'+providerId,".transaction(function(cur){if(!cur||cur.matchedTransactionId||['MATCHED','CONFIRMED'].includes(String(cur.status||'')))return;cur.resolution"
6646,db.ref,update,DB_PATH,".update(u);rows.forEach(x=>{x.readBy=x.readBy||{};x.readBy[rk]=true});showToast(rows.length+' notifikasi dipindahkan ke Riwayat.','success')"
6664,db.ref,update,QRIS_DB_PATH,".update(u);closeModalHapusGranular();showToast(qs.length+' evidence QRIS dismissed dihapus permanen.','warning')}catch(e){sjSaveError('QRIS_"
6664,qrisRef,once,'signals/'+id,".once('value'),sig=snap.val();var elig=Core.qrisPermanentDeleteEligibility(sig);if(!elig.ok)throw new Error('QRIS '+id+' tidak lagi eligible"
6668,qrisRef,,'events',".orderByChild('ts').startAt(since);inboxRef=currentUid()?qrisRef('inboxState/'+currentUid()):null;signalRef.on('value',onSignals,function(e)"
6668,qrisRef,,'inboxState/'+currentUid(),":null;signalRef.on('value',onSignals,function(e){sjSaveError('QRIS_SIGNAL_LISTENER',e)});pendingRef.on('value',function(sn){onPending(sn);se"
6668,qrisRef,,'pending',.orderByChild('createdAt').startAt(since);eventRef=qrisRef('events').orderByChild('ts').startAt(since);inboxRef=currentUid()?qrisRef('inboxS
6668,qrisRef,,'signals',.orderByChild('firstSeenAt').startAt(since);pendingRef=qrisRef('pending').orderByChild('createdAt').startAt(since);eventRef=qrisRef('events'
6682,qrisRef,update,'pending/'+p.pendingId,".update({status:'MANUAL_FINALIZED',finalizedTransactionId:keys[0],finalizedAt:firebase.database.ServerValue.TIMESTAMP});activePendingId=''}}"
6724,db.ref,set,DB_PATH+'/global/inventory/'+obj.id,".set(0);clsModal('modal-add-menu');showToast('Produk disimpan.','success');audit('PRODUCT_CODE_CREATE',n+' • '+(sku||'-')+' • '+(barcode||'-"
6725,db.ref,set,DB_PATH+'/global/inventory/'+updated.id,".set(0);clsModal('modal-edit-master');showToast('Produk diperbarui.','success');audit('PRODUCT_CODE_EDIT',n+' • '+(sku||'-')+' • '+(barcode|"
6793,db.ref,set,DB_PATH+'/global/settings/pricing',".set(st),8000,'PRICING_SETTINGS_TIMEOUT');cloudData.global.settings=cloudData.global.settings||{};cloudData.global.settings.pricing=st;showT"
7205,db.ref,,INV_PATH+'/'+path,";refs.push(r);r.on('value',function(sn){apply(sn.val()||{});refreshInitialUi()},function(e){sjSaveError('COST_LISTENER_'+path,e)})} async fu"
7209,db.ref,once,INV_PATH+'/balances/ingredients/'+id,".once('value'),b=sn.val()||{};     return Math.max(0,n(b.outlet))+Math.max(0,n(b.warehouse));   }   var pair=await Promise.all([db.ref(DB_PA"
7212,db.ref,once,DB_PATH+'/global/inventory/'+id,".once('value'),db.ref(INV_PATH+'/productWarehouse/'+id).once('value')]);   return Math.max(0,n(pair[0].val()))+Math.max(0,n(pair[1].val()));"
7212,db.ref,once,INV_PATH+'/productWarehouse/'+id,".once('value')]);   return Math.max(0,n(pair[0].val()))+Math.max(0,n(pair[1].val())); } function allCostChoices(){   var out=[];   Object.ke"
7244,db.ref,,INV_PATH+'/costs/'+bucket(type)+'/'+id,",sn=await sjTimeout(ref.once('value'),8000,'COST_INITIAL_READ_TIMEOUT'),current=sn.val()||{};   if(current.source==='PURCHASE'||current.last"
7249,db.ref,update,DB_PATH,".update(u),10000,'COST_INITIAL_WRITE_TIMEOUT');return u } async function saveInitialFromUi(){var x=selectedInitial(),inp=document.getElement"
7328,db.ref,once,INV+'/purchases/'+purchaseId,".once('value'),p=ps.val()||{};if(p.status!=='COMMITTED')return false;   var paths=[db.ref(INV+'/costs/'+bucket(p.itemType)+'/'+p.itemId).onc"
7329,db.ref,once,DB_PATH+'/'+p.shift+'/opex/'+p.expenseRef,".once('value')],sn=await Promise.all(paths),cost=sn[0].val()||{},movement=sn[1].val()||{},expense=sn[2].val()||{};   return String(cost.last"
7329,db.ref,once,INV+'/costs/'+bucket(p.itemType)+'/'+p.itemId,".once('value'),db.ref(INV+'/movements/'+p.movementRef).once('value'),db.ref(DB_PATH+'/'+p.shift+'/opex/'+p.expenseRef).once('value')],sn=awa"
7329,db.ref,once,INV+'/movements/'+p.movementRef,".once('value'),db.ref(DB_PATH+'/'+p.shift+'/opex/'+p.expenseRef).once('value')],sn=await Promise.all(paths),cost=sn[0].val()||{},movement=sn"
7333,db.ref,once,INV+'/purchases/'+purchaseId,".once('value'),p=ps.val();if(!p)throw Object.assign(new Error('PURCHASE_NOT_FOUND'),{code:'PURCHASE_NOT_FOUND'});if(p.inventoryApplied)retur"
7334,db.ref,once,DB_PATH+'/global/inventory/'+p.itemId,".once('value');capturedOutlet=Math.max(0,n(os.val()))}   /* SJ-CP-F03-04-TRANSACTION-CACHE-FALLBACK-0.1.0 */   var tx=await sjTimeout(db.ref"
7336,db.ref,transaction,INV,.transaction(function(root){     root=obj(root);root.purchases=obj(root.purchases);var pr=obj(root.purchases[purchaseId]);if(!pr.id)pr=Objec
7349,db.ref,once,INV+'/purchases/'+purchaseId,".once('value')).val()||{};if(after.inventoryApplied)return after;throw Object.assign(new Error('PURCHASE_INVENTORY_NOT_COMMITTED'),{code:'PU"
7353,db.ref,once,INV+'/purchases/'+purchaseId,".once('value'),p=ps.val();if(!p)throw new Error('PURCHASE_NOT_FOUND');if(p.expenseApplied)return p;if(!p.inventoryApplied)throw new Error('P"
7356,db.ref,once,DB_PATH+'/'+p.shift+'/opex/'+p.expenseRef,".once('value'),row=es.val()||{};if(String(row.purchaseRef||'')!==String(purchaseId))throw e}   return (await db.ref(INV+'/purchases/'+purcha"
7356,db.ref,update,DB_PATH,".update(u),15000,'PURCHASE_EXPENSE_TIMEOUT')}catch(e){var es=await db.ref(DB_PATH+'/'+p.shift+'/opex/'+p.expenseRef).once('value'),row=es.va"
7357,db.ref,once,INV+'/purchases/'+purchaseId,".once('value')).val()||p } async function finalizePurchase(purchaseId){var ref=db.ref(INV+'/purchases/'+purchaseId),sn=await ref.once('value"
7359,db.ref,,INV+'/purchases/'+purchaseId,",sn=await ref.once('value'),p=sn.val();if(!p)throw new Error('PURCHASE_NOT_FOUND');if(p.status==='COMMITTED')return p;if(!p.inventoryApplied"
7361,db.ref,,INV+'/purchases/'+purchaseId,",sn=await ref.once('value'),p=sn.val();if(!p)throw new Error('PURCHASE_NOT_FOUND');if(p.status==='COMMITTED'){if(await verifyPurchaseCommit("
7367,db.ref,transaction,INV+'/purchases/'+purchaseId,".transaction(function(cur){if(cur)return;return row}),10000,'PURCHASE_PREPARE_TIMEOUT');if(!claim.committed)throw new Error('PURCHASE_ID_CON"
7371,db.ref,once,DB_PATH+'/'+activeDate+'/opex/'+key,".once('value'),e=sn.val()||{};if(e.systemLinked===true&&e.purchaseRef)return alert('Pengeluaran ini terhubung ke Pembelian. Koreksi harus di"
7436,db.ref,,INV+'/purchases/'+purchaseId,",sn=await ref.once('value'),p=sn.val();if(!p)throw coded('PURCHASE_NOT_FOUND','PURCHASE_NOT_FOUND');   var status=String(p.status||'PREPARIN"
7460,db.ref,once,INV,".once('value')}catch(e){var why=String(e&&e.code||e&&e.message||e||'UNKNOWN');throw coded('PURCHASE_INVENTORY_ROOT_READ_FAILED: '+why,'PURCH"
7508,db.ref,once,INV+'/costs',".once('value'),7000,'COST_SNAPSHOT_READ_TIMEOUT');costs=sn.val()||costs}catch(e){sjSaveError('COST_SNAPSHOT_READ',e)}   (cart||[]).forEach(f"
7515,db.ref,set,INV+'/costingReservations/'+id,".set(row),10000,'COST_RESERVATION_WRITE_TIMEOUT');return row } function transactionSignature(tx){var raw=Array.isArray(tx&&tx.cartData)?tx.c"
7520,db.ref,,DB_PATH+'/'+res.shift+'/tx/'+txId+'/costing',",tr=await sjTimeout(ref.transaction(function(cur){if(cur)return;return res.costingQuote}),8000,'COST_ATTACH_TIMEOUT');if(!tr.committed){var "
7521,db.ref,update,INV+'/costingReservations/'+res.id,".update({status:'COMMITTED',transactionId:txId,committedAt:sjNowIso(),committedTs:Date.now()});return txId } async function recoverOneReserv"
7523,db.ref,once,DB_PATH+'/'+res.shift+'/tx',".once('value'),m=matchReservationTransaction(res,sn.val()||{});if(m.status==='MATCH'){await attachReservationCosting(res,m.id);return true}a"
7523,db.ref,update,INV+'/costingReservations/'+res.id,".update({status:m.status==='AMBIGUOUS'?'AMBIGUOUS':'PREPARED',candidateIds:m.candidates||[],lastRecoveryAt:sjNowIso(),lastRecoveryTs:Date.no"
7525,db.ref,,INV+'/costingReservations',".orderByChild('createdTs').limitToLast(60).once('value'),rows=sn.val()||{};for(var id of Object.keys(rows)){var r=rows[id]||{};if(!['PREPARE"
7528,db.ref,once,DB_PATH+'/'+activeDate+'/tx',".once('value'),7000,'COST_TX_BEFORE_TIMEOUT')).val()||{};reservation=await createCostingReservation(cartSnapshot,pricingQuote,before)}catch("
7529,db.ref,once,DB_PATH+'/'+reservation.shift+'/tx',".once('value'),7000,'COST_TX_AFTER_TIMEOUT')).val()||{},m=matchReservationTransaction(reservation,after);if(m.status==='MATCH')await attachR"
7529,db.ref,update,INV+'/costingReservations/'+reservation.id,".update({status:'ABORTED',abortReason:'POS_TRANSACTION_NOT_FOUND',updatedAt:sjNowIso(),updatedTs:Date.now()})}catch(e){sjSaveError('COST_ATT"
7529,db.ref,update,INV+'/costingReservations/'+reservation.id,".update({status:'AMBIGUOUS',candidateIds:m.candidates||[],updatedAt:sjNowIso(),updatedTs:Date.now()});else await db.ref(INV+'/costingReserva"
7678,db.ref,once,DB_PATH+'/'+shift+'/tx',".once('value'),8000,'REFUND_COST_TX_READ_TIMEOUT'),rows=sn.val()||{},needle=String(refund.originalTxId||'');   if(rows[needle])return{key:ne"
7684,db.ref,,DB_PATH+'/global/refunds/'+refundId+'/costing',";   var tr=await sjTimeout(ref.transaction(function(cur){if(cur)return;return costing}),8000,'REFUND_COST_WRITE_TIMEOUT');   if(tr.committed"
7690,db.ref,,DB_PATH+'/'+found.shift+'/tx/'+found.key,;   var tr=await sjTimeout(txRef.transaction(function(cur){     if(!cur)return;     var applied=obj(cur.refundCostingApplied);if(applied[ref
7724,db.ref,,DB_PATH+'/global/refunds',".orderByChild('ts').limitToLast(80).once('value'),rows=sn.val()||{};     for(var id of Object.keys(rows)){       var refund=rows[id]||{};if("
8060,db.ref,,DB_PATH,".orderByKey().startAt(from).endAt(to+'\uf8ff').once('value'),remote=snap.val()||{};keys.forEach(function(k){if(remote[k])merged[k]=remote[k]"
8075,db.ref,once,DB_PATH+'/global/inventoryV2/movements/'+ref,".once('value').then(function(sn){var v=sn.val();return v?Object.assign({_key:ref},v):null}).catch(function(){return null})}));   fetched.for"
9143,db.ref,once,'segeranjiwa_qris_beta_v1/pending/'+id,".once('value'),row=snap&&snap.val? snap.val():null;return Number(row&&row.expiresAt)||Date.now()+20*60*1000}catch(_){return Date.now()+20*60"
